0,1
../Datasets/images/image_185.jpg,"ग १ ख 
५८९६"
../Datasets/images/image_180.jpg,"ना.४ ख 
७६३७"
../Datasets/images/image_309.jpg,ना.१ ज ६४६१
../Datasets/images/image_429.jpg,प्र.२-0३00१ च ३२९३
../Datasets/images/image_530.jpg,"बा ६३ प 
९४९६"
../Datasets/images/image_286.jpg,"प्रदेश-३-०३ 
७१५७"
../Datasets/images/image_58.jpg,"बा ६५ प 
२०६५"
../Datasets/images/image_263.jpg,बा. ७ ७ प ७ ४६६
../Datasets/images/image_151.jpg,प्रदेश-३-0१-0२४च ७८९१
../Datasets/images/image_402.jpg,"ना ५ ख 
५९0७"
../Datasets/images/image_319.jpg,"बा.६५ प 
३७२८"
../Datasets/images/image_282.jpg,"प्रदेश 0-0१-00३ 
क ४५५४"
../Datasets/images/image_516.jpg,प्रदेश ०३-00१च ४
../Datasets/images/image_82.jpg,"बा ८६ प 
६९९0"
../Datasets/images/image_371.jpg,"बा.८३प 
४५२९"
../Datasets/images/image_454.jpg,"प्रदेश ३-0२
0 १0 0 
९0३२"
../Datasets/images/image_499.jpg,"लु ५१ प 
५५९७"
../Datasets/images/image_210.jpg,ग ३ च ७७४
../Datasets/images/image_441.jpg,"ग१५प 
४५४३"
../Datasets/images/image_583.jpg,"बा १९ च 
४८४0"
../Datasets/images/image_394.jpg,"ग.१५प 
८२८१"
../Datasets/images/image_456.jpg,"ना.२२प 
३१७३"
../Datasets/images/image_405.jpg,"बा.११च 
४८४0"
../Datasets/images/image_434.jpg,ग.१ ख ८९0२
../Datasets/images/image_538.jpg,बा.१0च ६७१९
../Datasets/images/image_575.jpg,बा १४च ४२९२
../Datasets/images/image_392.jpg,ग.१ ६ प ६९९
../Datasets/images/image_305.jpg,"बा २ ख 
७१३८"
../Datasets/images/image_257.jpg,"ग १९ प 
९९९६"
../Datasets/images/image_76.jpg,ना ५ ख ४२४४
../Datasets/images/image_124.jpg,"ग. १ ख 
७६६५"
../Datasets/images/image_531.jpg,ग.१च ९७२१
../Datasets/images/image_485.jpg,बा ६-४प ७८१९
../Datasets/images/image_105.jpg,"बा. १६ च      बा. १६ च 
४३६३           ४३६३"
../Datasets/images/image_85.jpg,"ना ४ प 
३२८२"
../Datasets/images/image_404.jpg,ना १ झ १0४१
../Datasets/images/image_235.jpg,"ना. २७ प
१0५"
../Datasets/images/image_72.jpg,"ना ५ च 
२७०८"
../Datasets/images/image_238.jpg,"ना.५ ख 
६३३४"
../Datasets/images/image_152.jpg,"को. १ च 
६९२९"
../Datasets/images/image_508.jpg,"लु.२ख 
५२४६"
../Datasets/images/image_443.jpg,"बा६८प 
८९९८"
../Datasets/images/image_312.jpg,"ग.१४ प 
३१७"
../Datasets/images/image_333.jpg,ग ३च १७२७
../Datasets/images/image_325.jpg,बा.२१च १२१२
../Datasets/images/image_341.jpg,"ग १ ज 
२000"
../Datasets/images/image_503.jpg,"प्रदेश ३-०१ 
00२प ६८६३"
../Datasets/images/image_517.jpg,ग.१ ख  ९४८८
../Datasets/images/image_418.jpg,"ना.५ख 
३७२३"
../Datasets/images/image_326.jpg,"या. १ झ 
६३९८"
../Datasets/images/image_171.jpg,"बा.२ ख 
१९९८"
../Datasets/images/image_536.jpg,ना.८ प ९८१५
../Datasets/images/image_298.jpg,"लु ४५ प 
१५४९"
../Datasets/images/image_275.jpg,"बा २ ज 
४७८९"
../Datasets/images/image_187.jpg,"ना ५ ख 
५५११"
../Datasets/images/image_361.jpg,"ग २0 प 
३१६४"
../Datasets/images/image_593.jpg,"बा ३ ख 
४२६0"
../Datasets/images/image_279.jpg,"बा २ ख 
६00२"
../Datasets/images/image_141.jpg,"ग ११ प 
९२७४"
../Datasets/images/image_398.jpg,"ग २ च 
६९८१"
../Datasets/images/image_280.jpg,"बा. ३ ख 
८६८२"
../Datasets/images/image_417.jpg,बा.२0च ५७२४
../Datasets/images/image_140.jpg,"बा ६१ प 
५५६0"
../Datasets/images/image_395.jpg,"बा ४ ख 
४२७९"
../Datasets/images/image_278.jpg,"ना. ३१प 
८४0४"
../Datasets/images/image_578.jpg,"प्रदेश-३-0२ 
00५  प 
0९४२"
../Datasets/images/image_264.jpg,"ना. ४३ प
३९१६"
../Datasets/images/image_306.jpg,"ग.१७प 
६३३३"
../Datasets/images/image_369.jpg,"ना ८ ख 
५८४५"
../Datasets/images/image_251.jpg,"ग ७ प
४0५१"
../Datasets/images/image_164.jpg,"ना १४ प 
२६४"
../Datasets/images/image_36.jpg,ग.१ ख ४४८३
../Datasets/images/image_248.jpg,"बा प्र 0२-0१७ 
३१९१"
../Datasets/images/image_544.jpg,बा १२ च ९४२0
../Datasets/images/image_94.jpg,"ग. २ ख 
५७"
../Datasets/images/image_54.jpg,मे.१च१९४२
../Datasets/images/image_284.jpg,बा. १ प ९ ९ १
../Datasets/images/image_3.jpg,ग १ ६ प १ ८ ३
../Datasets/images/image_113.jpg,बा.१प १३२९
../Datasets/images/image_79.jpg,"ना.२ ख 
८२९५"
../Datasets/images/image_194.jpg,ग.१ ज ६0७१
../Datasets/images/image_56.jpg,"ग १ ख 
५०३८"
../Datasets/images/image_334.jpg,ना.१ज ६२९८
../Datasets/images/image_375.jpg,"ग.१ ख 
४५६२"
../Datasets/images/image_572.jpg,"ना.५९प 
८११४"
../Datasets/images/image_437.jpg,"ना ३६ प 
९४0"
../Datasets/images/image_293.jpg,"प्रदेश-३-0२ 
00९-प 
३२६३"
../Datasets/images/image_130.jpg,"ग ३ च 
३५७३"
../Datasets/images/image_271.jpg,ग १ ८प३ ५८६
../Datasets/images/image_230.jpg,"ग १ झ 
४४९"
../Datasets/images/image_87.jpg,बा १८ प ८५२
../Datasets/images/image_148.jpg,"बागमती प्रदेश 0३ 
0१८ प 
१३९८"
../Datasets/images/image_200.jpg,"बा १५ व 
६२६७"
../Datasets/images/image_207.jpg,ग.१ क ५१५८
../Datasets/images/image_358.jpg,"बा.३ख 
६८९"
../Datasets/images/image_239.jpg,"ना २ ख 
८६२२"
../Datasets/images/image_29.jpg,"ग.१२प 
३३५८"
../Datasets/images/image_170.jpg,"बा ३६ प 
१८१८"
../Datasets/images/image_459.jpg,"ना.  ६ ख 
७८७"
../Datasets/images/image_331.jpg,"ना.१ज 
४३८२"
../Datasets/images/image_389.jpg,"ना.६ख 
४१२"
../Datasets/images/image_299.jpg,"लु १ ख 
७६६१"
../Datasets/images/image_599.jpg,बा. १६च ६४९८
../Datasets/images/image_411.jpg,"बा.२0च
४२८"
../Datasets/images/image_465.jpg,"बा.प.0३ 
00२ प 
९६५७"
../Datasets/images/image_40.jpg,"बा. १७ च 
२९१९"
../Datasets/images/image_594.jpg,"बा. १६ च 
३१२५"
../Datasets/images/image_121.jpg,"बा १२ च 
३00४"
../Datasets/images/image_426.jpg,ग.२च ९४५0
../Datasets/images/image_17.jpg,बा प्र 0 ३ ०३प्र ९२८४
../Datasets/images/image_545.jpg,"ग २४ प 
७३६२"
../Datasets/images/image_474.jpg,ना.८ख ५३६६
../Datasets/images/image_391.jpg,बा.५ ख २८६८
../Datasets/images/image_596.jpg,"ग १ ख 
९६२९"
../Datasets/images/image_294.jpg,ना.५ख ६३३७
../Datasets/images/image_26.jpg,"ना. ५ ख 
९७३८"
../Datasets/images/image_380.jpg,ग१ज६१३१
../Datasets/images/image_313.jpg,"ग २ च 
५६६"
../Datasets/images/image_316.jpg,"ग १ ख 
३९१६"
../Datasets/images/image_246.jpg,"ग ३ च 
२८१४"
../Datasets/images/image_473.jpg,"बा ८९प 
५५४0"
../Datasets/images/image_374.jpg,"ग.१ ख 
९६५४"
../Datasets/images/image_10.jpg,"ना.२ च 
९८९७"
../Datasets/images/image_24.jpg,ग.१क ३९२५
../Datasets/images/image_287.jpg,"ग ३ च 
३२४५"
../Datasets/images/image_1.jpg,ना ६ ख २ ३ - ५  ३
../Datasets/images/image_500.jpg,"बा.१ ज 
१८९८"
../Datasets/images/image_307.jpg,बा.८च ६६२३
../Datasets/images/image_527.jpg,ना.४ख ७७७५
../Datasets/images/image_51.jpg,बा. २१ च ३५२३
../Datasets/images/image_48.jpg,"ना. ६ ख 
६७८"
../Datasets/images/image_471.jpg,ग.१ ख ९९७९
../Datasets/images/image_89.jpg,"प्र २ 0३ 00१ ख 
२४९०"
../Datasets/images/image_220.jpg,"बा ५ ख 
१0७५"
../Datasets/images/image_428.jpg,ग२च ७२१९
../Datasets/images/image_420.jpg,बा.१३ च  ३८६४
../Datasets/images/image_498.jpg,"ग १२ प 
८१३६"
../Datasets/images/image_201.jpg,"ना. ५ ख 
७१५ २"
../Datasets/images/image_488.jpg,"ग १ ख 
७१४५"
../Datasets/images/image_163.jpg,"ग १ २१ 
९७०४"
../Datasets/images/image_514.jpg,बा १0 च २५७
../Datasets/images/image_196.jpg,ग १ ख ९५६२
../Datasets/images/image_225.jpg,ग.१ ख ९७०८
../Datasets/images/image_165.jpg,"ना ३६१ 
१२८७"
../Datasets/images/image_452.jpg,बा.१0 च ८५३६
../Datasets/images/image_28.jpg,"बा.४ ख.
१६४५"
../Datasets/images/image_421.jpg,ग.१ ख ६१७२
../Datasets/images/image_146.jpg,"ना.५९प 
१८७९"
../Datasets/images/image_270.jpg,"ग १ प 
१0४0"
../Datasets/images/image_119.jpg,ग.१ ख ७८०७
../Datasets/images/image_67.jpg,"ग १८ प 
११८९"
../Datasets/images/image_178.jpg,"ना ४६ प 
१३४२"
../Datasets/images/image_247.jpg,"को. ३३प 
२१८३"
../Datasets/images/image_386.jpg,"ग २ च 
५४६३"
../Datasets/images/image_472.jpg,बा०१५ च  ६०३४
../Datasets/images/image_147.jpg,प्रदेश ३ -0३-00१प ८0४८
../Datasets/images/image_23.jpg,"बा ३ ८ प 
३८९७"
../Datasets/images/image_566.jpg,"ना १६ प
२६८७"
../Datasets/images/image_64.jpg,"बा १५ च 
९ ६ ८"
../Datasets/images/image_403.jpg,ग२च३४१८
../Datasets/images/image_5.jpg,"ग १ ज 
२३0१"
../Datasets/images/image_587.jpg,"वा ३ ख 
४४४४"
../Datasets/images/image_522.jpg,प्र ३0२ 00२प २६५१
../Datasets/images/image_558.jpg,"बा.३४प 
४२१४"
../Datasets/images/image_281.jpg,"ना. ६ ख 
९ ५ ५ 0"
../Datasets/images/image_501.jpg,"बा.३ ख 
४६५८"
../Datasets/images/image_492.jpg,"बा.२१ च 
६0९0"
../Datasets/images/image_159.jpg,ना ६ ख ९५३७
../Datasets/images/image_354.jpg,ग१ज२४११
../Datasets/images/image_116.jpg,"बा.७५८ 
६११३"
../Datasets/images/image_77.jpg,"बा.५ ख 
४८५९"
../Datasets/images/image_295.jpg,प्रदेश २-0३-00१च १८३८
../Datasets/images/image_37.jpg,"बा १० च 
९०८१"
../Datasets/images/image_132.jpg,"ग. १0 प 
२८६४"
../Datasets/images/image_424.jpg,"ना.५ ख 
१५९"
../Datasets/images/image_384.jpg,"ना.६ ख 
१0४२"
../Datasets/images/image_39.jpg,"बा ८९ प 
५०३५"
../Datasets/images/image_137.jpg,बा ६ च ९८६३
../Datasets/images/image_335.jpg,"बा १ ज 
८८४९"
../Datasets/images/image_542.jpg,"बा.६५प 
७0४६"
../Datasets/images/image_231.jpg,बा.२ झ ४४७९
../Datasets/images/image_45.jpg,ना ८ ख ७१९४
../Datasets/images/image_410.jpg,"ना.१ क 
२९५८"
../Datasets/images/image_75.jpg,"ना ५ ख 
४८८५"
../Datasets/images/image_323.jpg,"बा. ७२ प 
७४१३"
../Datasets/images/image_219.jpg,"बा ४ ख 
२९७0"
../Datasets/images/image_445.jpg,"ना. ५ ख 
८ ७ ९ ५"
../Datasets/images/image_97.jpg,ना. २३प २०६६
../Datasets/images/image_442.jpg,"बा.९९ प 
६८६४"
../Datasets/images/image_482.jpg,"बा.२ क 
९८१३"
../Datasets/images/image_453.jpg,"प्र.३-0१-0२२च 
५१८३"
../Datasets/images/image_241.jpg,"बा २ च 
५२६१"
../Datasets/images/image_511.jpg,"ग १५ प 
८४२६"
../Datasets/images/image_476.jpg,"ना.६ख 
१५७९"
../Datasets/images/image_153.jpg,"बा. ४ ख 
५१८२"
../Datasets/images/image_2.jpg,ना. ४  च ८ ३ ९ 0
../Datasets/images/image_98.jpg,"बा २ व 
१४६२"
../Datasets/images/image_582.jpg,"ग.१२ प
८३0१"
../Datasets/images/image_128.jpg,"ग १ क 
४८४६"
../Datasets/images/image_139.jpg,"बा. २ ख 
३६८२"
../Datasets/images/image_184.jpg,"बागमती प्रदेश 0३
00३प 
३६९"
../Datasets/images/image_540.jpg,बा३३प  १८५
../Datasets/images/image_535.jpg,"प्रदेश ३-०१ ०२४व 
५७०९"
../Datasets/images/image_197.jpg,ना ७ ख ८९९६
../Datasets/images/image_381.jpg,"बा.९२ प 
९४५0"
../Datasets/images/image_186.jpg,बा.२ झा १0६८
../Datasets/images/image_145.jpg,प्रदेश-३-0१-0२४च७८९२
../Datasets/images/image_597.jpg,ग १ ख ५२४0
../Datasets/images/image_73.jpg,"बा १३ च 
९०९१"
../Datasets/images/image_160.jpg,"ग ३ च 
६६२"
../Datasets/images/image_49.jpg,"बा.९१ प 
९३३२"
../Datasets/images/image_393.jpg,"ग.१६प 
६९९"
../Datasets/images/image_198.jpg,"ना. २९ प 
८५३७"
../Datasets/images/image_447.jpg,"ग ३ च 
१३३३"
../Datasets/images/image_336.jpg,ग १ ख ६६0५
../Datasets/images/image_467.jpg,"ना ५ ख 
५४४७"
../Datasets/images/image_576.jpg,"ग.१५प 
८१0६"
../Datasets/images/image_288.jpg,"बा २ ख 
७४९१"
../Datasets/images/image_468.jpg,"बा ३ ख 
१७५२"
../Datasets/images/image_214.jpg,बा.८च ९0३६
../Datasets/images/image_486.jpg,"ग १ ख 
९७८३"
../Datasets/images/image_123.jpg,"ना. प क 
३६४०"
../Datasets/images/image_90.jpg,ना ६ ख ४०५७
../Datasets/images/image_344.jpg,"लु ६५ प 
१२७२"
../Datasets/images/image_144.jpg,बा २०च ३६१३
../Datasets/images/image_407.jpg,"बा.२ज 
४९४३"
../Datasets/images/image_22.jpg,बा२१च३६८६
../Datasets/images/image_348.jpg,ग १४ प७९-६१
../Datasets/images/image_352.jpg,"ना.५ ख 
८९७२"
../Datasets/images/image_266.jpg,"ना ६५प 
४८१२"
../Datasets/images/image_489.jpg,"बा ४१ प 
३४५६"
../Datasets/images/image_234.jpg,"प्र-०२-०३-००१२ 
३०५८"
../Datasets/images/image_57.jpg,"ना ६ ख 
५३८७"
../Datasets/images/image_190.jpg,"बा ६ 0 प 
५ ६ ४ ८"
../Datasets/images/image_111.jpg,"ना. ६ ख 
६ ८ 0"
../Datasets/images/image_451.jpg,"बा.३ ख 
९११३"
../Datasets/images/image_13.jpg,"ग १ ख 
२९६३"
../Datasets/images/image_204.jpg,"बा.६३प 
१५८५"
../Datasets/images/image_118.jpg,"ना.३ ख 
८०५०"
../Datasets/images/image_42.jpg,"00७प 
३००१"
../Datasets/images/image_104.jpg,बा.१५च. ११८८
../Datasets/images/image_364.jpg,ना ५ख ४९४१
../Datasets/images/image_433.jpg,"लु २ ७ प 
२ ५ ६ ५"
../Datasets/images/image_60.jpg,"ग १ ख 
२९८५"
../Datasets/images/image_215.jpg,"लु ४७प 
८१८७"
../Datasets/images/image_240.jpg,ग २ प्र ६६७६
../Datasets/images/image_96.jpg,ग.१ ८प२ ९२६
../Datasets/images/image_223.jpg,ना ५ ख 0४ 0२
../Datasets/images/image_265.jpg,"ग १८ प 
८५३२"
../Datasets/images/image_523.jpg,"ना. ६ख 
४0४१"
../Datasets/images/image_176.jpg,"ग १ ख 
४५३५"
../Datasets/images/image_252.jpg,"ग ३ च 
२२८९"
../Datasets/images/image_510.jpg,बा.१झ ९१२४
../Datasets/images/image_547.jpg,"ना.३च 
६७८४"
../Datasets/images/image_363.jpg,"बा.९५प 
९४३"
../Datasets/images/image_237.jpg,"बा.१ ४ 
७५७४\"
../Datasets/images/image_52.jpg,"बा.८५प
९६८३"
../Datasets/images/image_162.jpg,"बा. १८ च 
१५३६"
../Datasets/images/image_448.jpg,बा ७ ८ प २ ८ ३
../Datasets/images/image_555.jpg,बा. ४ ख ७१६५
../Datasets/images/image_412.jpg,"बा.२ख 
१९९८"
../Datasets/images/image_329.jpg,ग.१ झ ४५९
../Datasets/images/image_308.jpg,प्रदेश-३-0१-0२४ च ४३९७
../Datasets/images/image_367.jpg,"बा १ य 
११८६"
../Datasets/images/image_273.jpg,"लु ६६६ 
३५८२"
../Datasets/images/image_550.jpg,"बा.२ ख 
१५४५"
../Datasets/images/image_507.jpg,"ग १ ख 
५0४१"
../Datasets/images/image_150.jpg,"ना. ३६ प 
३०११"
../Datasets/images/image_155.jpg,"ग. १ ख 
९९९९"
../Datasets/images/image_561.jpg,"ना ६ ख 
९३९४"
../Datasets/images/image_529.jpg,"बा.८च 
६0३७"
../Datasets/images/image_53.jpg,ग.१ ख ९२६८
../Datasets/images/image_317.jpg,ग.२ च ५0१४
../Datasets/images/image_435.jpg,"ग १ ग 
१६६८"
../Datasets/images/image_216.jpg,बा ८ ७प२ ३४८
../Datasets/images/image_199.jpg,"बा ११६ 
४१६७"
../Datasets/images/image_19.jpg,"बा २ ख 
१९१२"
../Datasets/images/image_84.jpg,"प्रदेश ०३ 
0000 
६५९३"
../Datasets/images/image_11.jpg,"ना.३ ख 
६७८४"
../Datasets/images/image_149.jpg,"ना. ५ ख 
९१९१"
../Datasets/images/image_14.jpg,बा १५ च ७८३८
../Datasets/images/image_93.jpg,बा.४ १प२ ९७१
../Datasets/images/image_591.jpg,"बा ३ ख 
९७९२"
../Datasets/images/image_581.jpg,"बा. ३७ प
२ २ ३ १"
../Datasets/images/image_177.jpg,ग.२ च  २०८८
../Datasets/images/image_188.jpg,"ग १ च 
४२९२"
../Datasets/images/image_551.jpg,"ना.६ ख 
५६६१"
../Datasets/images/image_409.jpg,"ग.१ख 
९७७७"
../Datasets/images/image_339.jpg,ना ६ ख ७४५३
../Datasets/images/image_59.jpg,"गा.४४ प 
१५४१"
../Datasets/images/image_92.jpg,"ना ५ ख 
४८८५"
../Datasets/images/image_174.jpg,"बा ३ ख 
२१९५"
../Datasets/images/image_31.jpg,"ना ७ ख 
८०४"
../Datasets/images/image_227.jpg,"प्रदेश ३-0१ 
0५३प
८५०७"
../Datasets/images/image_95.jpg,ना. ४ ख १४२३
../Datasets/images/image_78.jpg,"बा.प ०३ 
००३ प 
६३"
../Datasets/images/image_81.jpg,ना. ४च ९३९
../Datasets/images/image_366.jpg,"ग १ ज 
४६२0"
../Datasets/images/image_399.jpg,"बा.२ ख 
३६८२"
../Datasets/images/image_563.jpg,"लु ७ प 
६0१९"
../Datasets/images/image_321.jpg,"बा.७२प 
८७४६"
../Datasets/images/image_504.jpg,"ग.१४प 
३१७२"
../Datasets/images/image_157.jpg,बा. ११च १११४
../Datasets/images/image_553.jpg,"बा.१ झ 
८८१0"
../Datasets/images/image_112.jpg,ना.५ ८ प १ ८७९
../Datasets/images/image_120.jpg,"पे. ६ प 
२७४५"
../Datasets/images/image_479.jpg,"ग १ ख 
४५३५"
../Datasets/images/image_496.jpg,"ग २ व 
१८९0"
../Datasets/images/image_322.jpg,"बा.१0च 
८२५९"
../Datasets/images/image_390.jpg,ना ५ख १0४0
../Datasets/images/image_528.jpg,"ग १३प 
३१७९"
../Datasets/images/image_342.jpg,"को २७ प 
३३९"
../Datasets/images/image_349.jpg,"ग २ ख 
८५३२"
../Datasets/images/image_7.jpg,"ग १७ प 
१२१६"
../Datasets/images/image_261.jpg,"ना २९ प 
५१९२"
../Datasets/images/image_127.jpg,"बा ९ च 
६४६"
../Datasets/images/image_315.jpg,"प्रदेश-३-0१ 
00१य १५८३"
../Datasets/images/image_114.jpg,"ना.४९प 
३०३४"
../Datasets/images/image_580.jpg,"बा.८ च 
९८४५"
../Datasets/images/image_32.jpg,"ना. ६  ख 
९१३४"
../Datasets/images/image_557.jpg,"प्र.३0 १0२३ व 
२५६४"
../Datasets/images/image_569.jpg,"ग १५प 
६४४९"
../Datasets/images/image_249.jpg,"बा १ ज 
८८४९"
../Datasets/images/image_179.jpg,"प्रदेश ३-0३ 
९५८४"
../Datasets/images/image_27.jpg,"ना.७५प 
७६०३"
../Datasets/images/image_272.jpg,"लु ३८प 
३५७"
../Datasets/images/image_359.jpg,"बा ८0 प 
६१३0"
../Datasets/images/image_244.jpg,प्रदेश २-0३-00१च  २७३२
../Datasets/images/image_478.jpg,"को.१च 
९६७२"
../Datasets/images/image_526.jpg,"प्रदेश ३-0१-0२२प 
0८३३"
../Datasets/images/image_340.jpg,"ना ३ ख 
६९२९"
../Datasets/images/image_362.jpg,प्रदेश-३-0१-0२३च २४२७
../Datasets/images/image_168.jpg,ना ५ ख १0६0
../Datasets/images/image_379.jpg,"प्रदेश ३-0१ 
0२२व 
१0७५"
../Datasets/images/image_311.jpg,ग.१ क ३९२५
../Datasets/images/image_224.jpg,ना ६ ख ७0३0
../Datasets/images/image_539.jpg,"ग १ ज 
२४८२"
../Datasets/images/image_129.jpg,ना ३ च ५२३४
../Datasets/images/image_142.jpg,"ना. ६ ख 
 ३३0५"
../Datasets/images/image_387.jpg,"बा.४ ख 
१६३९"
../Datasets/images/image_303.jpg,ग.२च ४४१७
../Datasets/images/image_541.jpg,"ग १ ज 
५५४0"
../Datasets/images/image_490.jpg,"ग.१ ख 
३१९२"
../Datasets/images/image_343.jpg,ग.१ ७प ६ २८७
../Datasets/images/image_314.jpg,ग.२च ६६५६
../Datasets/images/image_80.jpg,"ग २0 प 
४८२८"
../Datasets/images/image_419.jpg,बा.१३ च ३१७२
../Datasets/images/image_233.jpg,"लु १ क 
१७५४"
../Datasets/images/image_269.jpg,"बा.७९प 
६५२0"
../Datasets/images/image_109.jpg,बा ४ ख ७४५१
../Datasets/images/image_376.jpg,"बा २0 च 
१७४७"
../Datasets/images/image_15.jpg,"ग १ क 
४४८४"
../Datasets/images/image_370.jpg,"बा८२प 
१२५३"
../Datasets/images/image_546.jpg,ना.४च३८
../Datasets/images/image_525.jpg,"प्रदेश ३-0१ 0२३ च 
८०१"
../Datasets/images/image_302.jpg,ना. ५च १५१
../Datasets/images/image_440.jpg,"स.९प 
१0५८"
../Datasets/images/image_549.jpg,"बा.४७ प 
४९१६"
../Datasets/images/image_135.jpg,"बा ५९ प 
४ ३ ५ ६"
../Datasets/images/image_351.jpg,"ग १३ प 
४५५६"
../Datasets/images/image_33.jpg,बा १६ च ५५१५
../Datasets/images/image_460.jpg,"बा.२0 च 
१0२६"
../Datasets/images/image_565.jpg,"बा.२१व 
८१९५"
../Datasets/images/image_34.jpg,"बा.५६ प 
६७७0"
../Datasets/images/image_182.jpg,"बा. प 0 ३ 
३०१७"
../Datasets/images/image_487.jpg,"ग २ 0 प 
८ 0 ४"
../Datasets/images/image_415.jpg,"ग.२0प 
२५५९"
../Datasets/images/image_69.jpg,प्रदेश २ ०३ ०१३ प १६७४
../Datasets/images/image_276.jpg,"बा.३ ख 
७६१६"
../Datasets/images/image_533.jpg,ना १ ज ८४३९
../Datasets/images/image_18.jpg,प्र ६ ९ प ८ २ ८ ५
../Datasets/images/image_598.jpg,ग.१ ९प८ ६३0
../Datasets/images/image_397.jpg,ग.२च ६९८१
../Datasets/images/image_154.jpg,"बा. ५  ख 
२७८८"
../Datasets/images/image_318.jpg,"ना.६३.प
१३८"
../Datasets/images/image_301.jpg,"बा.७५ प 
९१५८"
../Datasets/images/image_268.jpg,"ग १७ प 
६१२"
../Datasets/images/image_365.jpg,लु१च४८६६
../Datasets/images/image_464.jpg,"ना.३१प 
३१९८"
../Datasets/images/image_425.jpg,"बा ८७प 
७७00"
../Datasets/images/image_564.jpg,"प्रदेश ३-0१ 
00१प १६0७"
../Datasets/images/image_481.jpg,"ग १ व 
३४९३"
../Datasets/images/image_138.jpg,"ग १ ज 
५६३२"
../Datasets/images/image_556.jpg,ना ४ ख ८९३0
../Datasets/images/image_559.jpg,"बा.१८व 
२९0५"
../Datasets/images/image_600.jpg,"ग. ३च 
१७१0"
../Datasets/images/image_189.jpg,ग.२च ७३९१
../Datasets/images/image_117.jpg,ग.१ ख ४४८३
../Datasets/images/image_290.jpg,"बा. ५७ प 
६८३0"
../Datasets/images/image_103.jpg,प्रदेश ३-0१ ०२४ च १४0८
../Datasets/images/image_595.jpg,"ग ५ प 
९७६७"
../Datasets/images/image_450.jpg,ग. २ च ८ १ २ ६
../Datasets/images/image_431.jpg,"ना. ६ ख 
७७२२"
../Datasets/images/image_65.jpg,"बा प च 
१६१३"
../Datasets/images/image_100.jpg,ग.१ज ७०५३
../Datasets/images/image_427.jpg,ग ३ च ४५४६
../Datasets/images/image_44.jpg,बा ६ च २0 ९२
../Datasets/images/image_568.jpg,"ग.१८ प 
९२0१"
../Datasets/images/image_30.jpg,"बा ४ ख 
६९४"
../Datasets/images/image_462.jpg,लु२च१३00
../Datasets/images/image_161.jpg,"बा. ४ ख 
८ १ ५ ६"
../Datasets/images/image_285.jpg,"बा.७ च 
२७१९"
../Datasets/images/image_253.jpg,"ग १ ज 
४१६२"
../Datasets/images/image_136.jpg,"बा प्र 0 २ 
०२३ प 
४ १ 0 १"
../Datasets/images/image_213.jpg,"ना.३ ख 
९0५४"
../Datasets/images/image_208.jpg,बा ९0प ३0७८
../Datasets/images/image_493.jpg,बा.२ झ ४४४९
../Datasets/images/image_416.jpg,"ग १ ख 
९०७९"
../Datasets/images/image_377.jpg,"ग १३ प 
२४४५"
../Datasets/images/image_102.jpg,"प्र३ 0२ 0१२ 0  
२१६0"
../Datasets/images/image_50.jpg,"ना. ४ ख 
७३३८"
../Datasets/images/image_584.jpg,"बा ४ ख 
१८४"
../Datasets/images/image_256.jpg,"ग २ च 
९१४४"
../Datasets/images/image_509.jpg,"बा २ झा 
१४0८"
../Datasets/images/image_388.jpg,"ग २ ख 
१"
../Datasets/images/image_368.jpg,"ग १ य 
११२६"
../Datasets/images/image_494.jpg,ग.१ ८प६ 0२८
../Datasets/images/image_320.jpg,"ग ३ च 
२०८"
../Datasets/images/image_192.jpg,"ना. ८ ख 
४४८0"
../Datasets/images/image_446.jpg,"ना. ७ ख 
५२४"
../Datasets/images/image_106.jpg,ना. ६ख ३१८0
../Datasets/images/image_99.jpg,ग.१ ख ९४00
../Datasets/images/image_304.jpg,"बा. ७ च 
३०६२"
../Datasets/images/image_68.jpg,ग ३ च ३४७६
../Datasets/images/image_115.jpg,ग.१त ६४४९
../Datasets/images/image_382.jpg,"बा २ ख 
१४१0"
../Datasets/images/image_521.jpg,"बा.प.0३.0२प 
८१0४"
../Datasets/images/image_449.jpg,ग १ ख ९१८७
../Datasets/images/image_183.jpg,ना ४ ख ३८२८
../Datasets/images/image_438.jpg,"बा २0 च 
३८२0"
../Datasets/images/image_211.jpg,ग.१ 0प७ ४६१
../Datasets/images/image_571.jpg,"बा २ ख 
२१९८"
../Datasets/images/image_221.jpg,ना २च २३२
../Datasets/images/image_262.jpg,"ग. १ ख 
९७७७"
../Datasets/images/image_209.jpg,"ना.३च 
२५८६"
../Datasets/images/image_324.jpg,"ना ४ ख 
४९४२"
../Datasets/images/image_191.jpg,"ग. २ख 
१0५"
../Datasets/images/image_259.jpg,ना. १ज ८८५६
../Datasets/images/image_228.jpg,ना.४.त ४५५९
../Datasets/images/image_292.jpg,"ग १ ख 
३१७१"
../Datasets/images/image_574.jpg,"बा.७२प 
५0९२"
../Datasets/images/image_353.jpg,"बा. ३ ख 
३0५४"
../Datasets/images/image_206.jpg,ग.२ च ७६७५
../Datasets/images/image_260.jpg,"प्रदेश.२.0३ 
00२ख 
१९२७"
../Datasets/images/image_534.jpg,"बा.३७प 
५४४४"
../Datasets/images/image_283.jpg,"ग. १ ख 
९४00"
../Datasets/images/image_63.jpg,"ना.५ ख 
६३६२"
../Datasets/images/image_236.jpg,"बागमती प्रदेश-0३ 
११३९"
../Datasets/images/image_495.jpg,"बागमती प्रदेश ०३ 
0२0प 
0७२७"
../Datasets/images/image_255.jpg,"ग. १८ प 
४५२७"
../Datasets/images/image_55.jpg,"ना ३१ प 
५४३१"
../Datasets/images/image_400.jpg,ना ७ ख ४७५५
../Datasets/images/image_43.jpg,बा १६ च ५६४८
../Datasets/images/image_205.jpg,ग.१ २प२ ४१४
../Datasets/images/image_590.jpg,"बा.१८च 
५७१६"
../Datasets/images/image_86.jpg,"ना.४३ प 
४२५८"
../Datasets/images/image_175.jpg,"बा ६९ प 
२२३७"
../Datasets/images/image_232.jpg,लु १ ज ३0२३
../Datasets/images/image_577.jpg,ना.४ च  ९३५८
../Datasets/images/image_91.jpg,"ना.५ ख 
८५६१"
../Datasets/images/image_212.jpg,ना. ३ख ५४११
../Datasets/images/image_46.jpg,बा २१ च २३०६
